concept;term;pinyin;translation;category
virtue;德行;déxíng;moral conduct, virtuous behavior;Confucian
virtue;德性;déxìng;moral nature, virtuous disposition;Confucian
virtue;道德;dàodé;morality, ethics, virtue;Confucian
virtue;明德;míngdé;luminous virtue, illustrious virtue;Confucian
virtue;至德;zhìdé;supreme virtue;Confucian
virtue;盛德;shèngdé;abundant virtue, flourishing virtue;Confucian
virtue;立德;lìdé;to establish virtue;Confucian
virtue;修德;xiūdé;to cultivate virtue;Confucian
virtue;积德;jīdé;to accumulate virtue;Confucian
virtue;厚德;hòudé;profound virtue, abundant virtue;Confucian
virtue;德政;dézhèng;virtuous governance, rule by virtue;Confucian
virtue;德治;dézhì;rule by virtue;Confucian
virtue;德化;déhuà;transformation through virtue;Confucian
virtue;德风;défēng;moral influence (like wind);Confucian
virtue;德泽;dézé;moral beneficence, virtuous grace;Confucian
virtue;功德;gōngdé;meritorious virtue, achievements and virtue;Confucian
virtue;美德;měidé;beautiful virtue, fine virtue;Confucian
virtue;仁德;réndé;benevolent virtue, virtue of ren;Confucian
virtue;圣德;shèngdé;sagely virtue;Confucian
virtue;君子之德;jūnzǐ zhī dé;virtue of the gentleman;Confucian
virtue;德才兼备;décái jiānbèi;possessing both virtue and talent;Confucian
virtue;德高望重;dégāo wàngzhòng;of high virtue and prestige;Confucian
virtue;以德服人;yǐ dé fú rén;to convince people through virtue;Confucian
virtue;德不配位;dé bù pèi wèi;virtue not matching position;Confucian
humaneness;仁爱;rén'ài;benevolent love, humane love;Confucian
humaneness;仁心;rénxīn;benevolent heart, humane mind;Confucian
humaneness;仁政;rénzhèng;benevolent governance;Confucian
humaneness;仁德;réndé;benevolent virtue;Confucian
humaneness;仁义;rényì;benevolence and righteousness;Confucian
humaneness;仁者;rénzhě;the benevolent person;Confucian
humaneness;仁人;rénrén;humane person;Confucian
humaneness;仁道;réndào;the way of benevolence;Confucian
humaneness;行仁;xíngrén;to practice benevolence;Confucian
humaneness;求仁;qiúrén;to seek benevolence;Confucian
humaneness;至仁;zhìrén;supreme benevolence;Confucian
humaneness;不仁;bùrén;lacking benevolence, inhuman;Confucian
humaneness;杀身成仁;shāshēn chéngrén;to sacrifice life to achieve benevolence;Confucian
humaneness;仁以为己任;rén yǐwéi jǐ rèn;taking benevolence as personal responsibility;Confucian
ritual;礼仪;lǐyí;rituals and etiquette;Confucian
ritual;礼教;lǐjiào;ritual teachings, Confucian code;Confucian
ritual;礼制;lǐzhì;ritual system, propriety system;Confucian
ritual;礼法;lǐfǎ;ritual law, rites and laws;Confucian
ritual;礼节;lǐjié;ritual propriety, etiquette;Confucian
ritual;行礼;xínglǐ;to perform rituals;Confucian
ritual;守礼;shǒulǐ;to observe propriety;Confucian
ritual;失礼;shīlǐ;to be impolite, breach of propriety;Confucian
ritual;礼乐;lǐyuè;rituals and music;Confucian
ritual;礼义;lǐyì;ritual and righteousness;Confucian
ritual;非礼;fēilǐ;improper, against propriety;Confucian
ritual;克己复礼;kèjǐ fùlǐ;to restrain self and return to propriety;Confucian
ritual;礼之用和为贵;lǐ zhī yòng hé wéi guì;the application of ritual values harmony;Confucian
ritual;礼尚往来;lǐ shàng wǎnglái;propriety demands reciprocity;Confucian
righteousness;正义;zhèngyì;justice, righteousness;Confucian
righteousness;道义;dàoyì;moral righteousness, ethical duty;Confucian
righteousness;仁义;rényì;benevolence and righteousness;Confucian
righteousness;忠义;zhōngyì;loyalty and righteousness;Confucian
righteousness;信义;xìnyì;trustworthiness and righteousness;Confucian
righteousness;义气;yìqì;righteous spirit, loyalty among friends;Confucian
righteousness;义务;yìwù;duty, obligation;Confucian
righteousness;义理;yìlǐ;moral principle, righteous reasoning;Confucian
righteousness;义举;yìjǔ;righteous act;Confucian
righteousness;义行;yìxíng;righteous conduct;Confucian
righteousness;见利思义;jiàn lì sī yì;see profit, think of righteousness;Confucian
righteousness;义不容辞;yì bù róng cí;duty-bound, obligatory;Confucian
righteousness;舍生取义;shě shēng qǔ yì;sacrifice life for righteousness;Confucian
righteousness;义之所在;yì zhī suǒzài;where righteousness lies;Confucian
filial piety;孝道;xiàodào;the way of filial piety;Confucian
filial piety;孝顺;xiàoshùn;filial obedience;Confucian
filial piety;孝心;xiàoxīn;filial heart, filial feelings;Confucian
filial piety;孝行;xiàoxíng;filial conduct;Confucian
filial piety;尽孝;jìnxiào;to fulfill filial duties;Confucian
filial piety;孝子;xiàozǐ;filial son;Confucian
filial piety;孝女;xiàonǚ;filial daughter;Confucian
filial piety;不孝;bùxiào;unfilial;Confucian
filial piety;忠孝;zhōng xiào;loyalty and filial piety;Confucian
filial piety;孝悌;xiàotì;filial piety and fraternal respect;Confucian
filial piety;孝经;xiàojīng;Classic of Filial Piety;Confucian
filial piety;孝养;xiàoyǎng;to support parents filially;Confucian
filial piety;孝廉;xiàolián;filial and incorrupt (historical term);Confucian
filial piety;百善孝为先;bǎi shàn xiào wéi xiān;of all virtues filial piety is first;Confucian
trustworthiness;诚信;chéngxìn;integrity and trustworthiness;Confucian
trustworthiness;信用;xìnyòng;credit, trustworthiness;Confucian
trustworthiness;信义;xìnyì;trustworthiness and righteousness;Confucian
trustworthiness;忠信;zhōngxìn;loyalty and trustworthiness;Confucian
trustworthiness;信实;xìnshí;trustworthy and honest;Confucian
trustworthiness;守信;shǒuxìn;to keep promises, be trustworthy;Confucian
trustworthiness;失信;shīxìn;to break trust, lose credibility;Confucian
trustworthiness;信守;xìnshǒu;to abide by, keep (promises);Confucian
trustworthiness;可信;kěxìn;credible, trustworthy;Confucian
trustworthiness;取信于民;qǔxìn yú mín;to win people's trust;Confucian
trustworthiness;言而有信;yán ér yǒu xìn;to keep one's word;Confucian
trustworthiness;信誓旦旦;xìnshì dàndàn;to vow solemnly;Confucian
trustworthiness;民无信不立;mín wú xìn bù lì;without people's trust, the state cannot stand;Confucian
fraternal respect;孝悌;xiàotì;filial piety and fraternal respect;Confucian
fraternal respect;弟道;dìdào;the way of fraternal respect;Confucian
fraternal respect;悌道;tìdào;the way of fraternal respect;Confucian
fraternal respect;友悌;yǒutì;brotherly affection and respect;Confucian
fraternal respect;悌顺;tìshùn;fraternal respect and obedience;Confucian
fraternal respect;悌友;tìyǒu;fraternal respect and friendship;Confucian
fraternal respect;悌行;tìxíng;fraternal conduct;Confucian
fraternal respect;尽悌;jìntì;to fulfill fraternal duties;Confucian
fraternal respect;不悌;bùtì;lacking fraternal respect;Confucian
fraternal respect;入则孝，出则悌;rù zé xiào, chū zé tì;at home be filial, abroad be fraternal;Confucian
fraternal respect;孝悌忠信;xiàotì zhōngxìn;filial piety, fraternal respect, loyalty, trustworthiness;Confucian
fraternal respect;孝悌也者，其为仁之本与;xiàotì yě zhě, qí wéi rén zhī běn yú;filial piety and fraternal respect are the root of benevolence;Confucian
fraternal respect;悌于长;tì yú zhǎng;to show fraternal respect to elders;Confucian
fraternal respect;兄弟和睦;xiōngdì hémù;harmony between brothers;Confucian
gentleman;君子;jūnzǐ;gentleman, exemplary person;Confucian
gentleman;君子之道;jūnzǐ zhī dào;the way of the gentleman;Confucian
gentleman;君子之德;jūnzǐ zhī dé;virtue of the gentleman;Confucian
gentleman;君子人格;jūnzǐ réngé;gentlemanly character;Confucian
gentleman;君子风范;jūnzǐ fēngfàn;demeanor of a gentleman;Confucian
gentleman;君子协定;jūnzǐ xiédìng;gentleman's agreement;Confucian
gentleman;君子之交;jūnzǐ zhī jiāo;friendship between gentlemen;Confucian
gentleman;君子不器;jūnzǐ bù qì;gentleman is not a utensil (versatile);Confucian
gentleman;君子坦荡荡;jūnzǐ tǎndàngdàng;gentleman is open and at ease;Confucian
gentleman;君子喻于义;jūnzǐ yù yú yì;gentleman understands righteousness;Confucian
gentleman;君子求诸己;jūnzǐ qiú zhū jǐ;gentleman seeks from himself;Confucian
gentleman;君子成人之美;jūnzǐ chéng rén zhī měi;gentleman helps others achieve good;Confucian
gentleman;君子固穷;jūnzǐ gù qióng;gentleman remains steadfast in poverty;Confucian
gentleman;君子周而不比;jūnzǐ zhōu ér bù bǐ;gentleman is inclusive, not partisan;Confucian
gentleman;君子和而不同;jūnzǐ hé ér bù tóng;gentleman is harmonious but not uniform;Confucian
petty person;小人;xiǎorén;petty person, small-minded person;Confucian
petty person;小人之心;xiǎorén zhī xīn;mind of a petty person;Confucian
petty person;小人得志;xiǎorén dézhì;petty person attains success (derogatory);Confucian
petty person;小人道长;xiǎorén dào zhǎng;way of petty person prospers;Confucian
petty person;小人穷斯滥矣;xiǎorén qióng sī làn yǐ;petty person when poor becomes reckless;Confucian
petty person;小人喻于利;xiǎorén yù yú lì;petty person understands profit;Confucian
petty person;小人求诸人;xiǎorén qiú zhū rén;petty person seeks from others;Confucian
petty person;小人比而不周;xiǎorén bǐ ér bù zhōu;petty person is partisan, not inclusive;Confucian
petty person;小人同而不和;xiǎorén tóng ér bù hé;petty person is uniform but not harmonious;Confucian
petty person;小人常戚戚;xiǎorén cháng qīqī;petty person is always anxious;Confucian
petty person;小人难养;xiǎorén nán yǎng;petty person is difficult to deal with;Confucian
petty person;唯女子与小人为难养也;wéi nǚzǐ yǔ xiǎorén wéi nán yǎng yě;only women and petty persons are difficult to deal with (controversial);Confucian
petty person;小人怀惠;xiǎorén huái huì;petty person thinks of favors;Confucian
the way;大道;dàdào;great Way, great path;Confucian
the way;天道;tiāndào;Way of Heaven, heavenly principle;Confucian
the way;人道;réndào;Way of Humanity, human principle;Confucian
the way;王道;wángdào;Kingly Way, way of benevolent rule;Confucian
the way;圣道;shèngdào;Way of the Sage;Confucian
the way;道统;dàotǒng;transmission of the Way, orthodox tradition;Confucian
the way;道学;dàoxué;study of the Way, Neo-Confucianism;Confucian
the way;修道;xiūdào;to cultivate the Way;Confucian
the way;传道;chuándào;to transmit the Way;Confucian
the way;弘道;hóngdào;to propagate the Way;Confucian
the way;得道;dédào;to attain the Way;Confucian
the way;道不行;dào bù xíng;the Way does not prevail;Confucian
the way;道之以德;dào zhī yǐ dé;to guide with virtue;Confucian
the way;朝闻道，夕死可矣;zhāo wén dào, xī sǐ kě yǐ;hearing the Way in morning, die content in evening;Confucian
loyalty;忠心;zhōngxīn;loyal heart, loyalty;Confucian
loyalty;忠臣;zhōngchén;loyal minister;Confucian
loyalty;忠君;zhōngjūn;loyalty to the ruler;Confucian
loyalty;忠义;zhōngyì;loyalty and righteousness;Confucian
loyalty;忠孝;zhōng xiào;loyalty and filial piety;Confucian
loyalty;忠信;zhōngxìn;loyalty and trustworthiness;Confucian
loyalty;尽忠;jìnzhōng;to be completely loyal;Confucian
loyalty;忠言逆耳;zhōngyán nì ěr;loyal words offend the ear;Confucian
loyalty;忠告而善道之;zhōnggào ér shàn dào zhī;loyal admonition and skillful guidance;Confucian
loyalty;为人谋而不忠乎;wèirén móu ér bù zhōng hū;in working for others, am I not loyal?;Confucian
loyalty;臣事君以忠;chén shì jūn yǐ zhōng;minister serves ruler with loyalty;Confucian
loyalty;主忠信;zhǔ zhōng xìn;make loyalty and trustworthiness chief;Confucian
loyalty;忠恕之道;zhōng shù zhī dào;the way of loyalty and reciprocity;Confucian
loyalty;忠不可弃于国;zhōng bùkě qì yú guó;loyalty cannot be abandoned in the state;Confucian
mandate of heaven;天命;tiānmìng;Mandate of Heaven;Confucian
mandate of heaven;天命论;tiānmìng lùn;theory of the Mandate of Heaven;Confucian
mandate of heaven;天命靡常;tiānmìng mǐ cháng;the Mandate of Heaven is not constant;Confucian
mandate of heaven;天命之谓性;tiānmìng zhī wèi xìng;what Heaven mandates is called nature;Confucian
mandate of heaven;知天命;zhī tiānmìng;to know the Mandate of Heaven;Confucian
mandate of heaven;畏天命;wèi tiānmìng;to stand in awe of Heaven's Mandate;Confucian
mandate of heaven;天命有德;tiānmìng yǒu dé;Heaven mandates those with virtue;Confucian
mandate of heaven;顺天者昌，逆天者亡;shùn tiān zhě chāng, nì tiān zhě wáng;those who follow Heaven prosper, those who oppose perish;Confucian
mandate of heaven;天听自我民听;tiān tīng zì wǒ mín tīng;Heaven's hearing comes from our people's hearing;Confucian
mandate of heaven;天命不可违;tiānmìng bùkě wéi;Heaven's Mandate cannot be opposed;Confucian
mandate of heaven;奉天承运;fèng tiān chéng yùn;receiving the Mandate from Heaven;Confucian
mandate of heaven;天降大任;tiān jiàng dà rèn;Heaven confers great responsibility;Confucian
mandate of heaven;天命所归;tiānmìng suǒ guī;where the Mandate of Heaven belongs;Confucian
rectification of names;正名;zhèngmíng;rectification of names;Confucian
rectification of names;名不正则言不顺;míng bù zhèng zé yán bù shùn;if names are not correct, speech is not smooth;Confucian
rectification of names;名正言顺;míng zhèng yán shùn;names correct, speech smooth;Confucian
rectification of names;正名分;zhèng míngfèn;rectify names and status;Confucian
rectification of names;必也正名乎;bì yě zhèng míng hū;certainly rectification of names is needed;Confucian
rectification of names;正名定分;zhèngmíng dìngfèn;rectify names and fix status;Confucian
rectification of names;名实相符;míng shí xiāngfú;names correspond to reality;Confucian
rectification of names;名不副实;míng bù fù shí;name does not match reality;Confucian
rectification of names;名副其实;míng fù qí shí;name matches reality;Confucian
rectification of names;循名责实;xún míng zé shí;follow names and demand reality;Confucian
rectification of names;正名以正政;zhèngmíng yǐ zhèng zhèng;rectify names to rectify government;Confucian
rectification of names;君君臣臣父父子子;jūn jūn chén chén fù fù zǐ zǐ;ruler ruler, minister minister, father father, son son;Confucian
reciprocity;忠恕;zhōng shù;loyalty and reciprocity;Confucian
reciprocity;恕道;shùdào;the way of reciprocity;Confucian
reciprocity;推己及人;tuī jǐ jí rén;extend from self to others;Confucian
reciprocity;恕而行之;shù ér xíng zhī;act with reciprocity;Confucian
reciprocity;能近取譬;néng jìn qǔ pì;able to take nearby analogies;Confucian
reciprocity;恕己及人;shù jǐ jí rén;forgive self and extend to others;Confucian
reciprocity;以恕己之心恕人;yǐ shù jǐ zhī xīn shù rén;with heart that forgives self, forgive others;Confucian
reciprocity;己欲立而立人;jǐ yù lì ér lì rén;wishing to establish self, establish others;Confucian
reciprocity;己欲达而达人;jǐ yù dá ér dá rén;wishing to succeed self, help others succeed;Confucian
reciprocity;恕可为终身行之;shù kě wéi zhōngshēn xíng zhī;reciprocity can be practiced lifelong;Confucian
wisdom;智慧;zhìhuì;wisdom, intelligence;Confucian
wisdom;明智;míngzhì;clear wisdom, sagacity;Confucian
wisdom;智者;zhìzhě;wise person;Confucian
wisdom;智仁勇;zhì rén yǒng;wisdom, benevolence, courage;Confucian
wisdom;智德;zhìdé;wisdom virtue;Confucian
wisdom;大智若愚;dàzhì ruò yú;great wisdom appears foolish;Confucian
wisdom;知者不惑;zhì zhě bù huò;wise person is not perplexed;Confucian
wisdom;智者乐水;zhìzhě lè shuǐ;wise person delights in water;Confucian
wisdom;知之为知之;zhī zhī wéi zhī zhī;know it as knowing it;Confucian
wisdom;不知为不知;bù zhī wéi bù zhī;not know it as not knowing it;Confucian
wisdom;知者利仁;zhì zhě lì rén;wise person benefits from benevolence;Confucian
wisdom;好学近乎知;hào xué jìn hū zhì;love of learning is close to wisdom;Confucian
wisdom;知者不失人;zhì zhě bù shī rén;wise person does not miss people;Confucian
courage;勇敢;yǒnggǎn;brave, courageous;Confucian
courage;勇气;yǒngqì;courage, bravery;Confucian
courage;勇者;yǒngzhě;courageous person;Confucian
courage;义勇;yìyǒng;righteous courage;Confucian
courage;勇德;yǒngdé;courage virtue;Confucian
courage;勇者不惧;yǒng zhě bù jù;courageous person does not fear;Confucian
courage;见义勇为;jiàn yì yǒng wéi;see righteousness and act courageously;Confucian
courage;勇而无礼则乱;yǒng ér wú lǐ zé luàn;courage without ritual leads to chaos;Confucian
courage;知耻近乎勇;zhī chǐ jìn hū yǒng;knowing shame is close to courage;Confucian
courage;临危不惧;lín wēi bù jù;face danger without fear;Confucian
courage;勇而好同;yǒng ér hào tóng;courageous and fond of agreement;Confucian
courage;勇猛精进;yǒngměng jīngjìn;courageous and vigorously advancing;Confucian
courage;匹夫之勇;pǐfū zhī yǒng;foolhardy courage;Confucian
heart-mind;人心;rénxīn;human heart-mind;Confucian
heart-mind;本心;běnxīn;original heart-mind;Confucian
heart-mind;良心;liángxīn;good heart, conscience;Confucian
heart-mind;心性;xīnxìng;heart-mind and nature;Confucian
heart-mind;尽心;jìnxīn;fulfill the heart-mind;Confucian
heart-mind;正心;zhèngxīn;rectify the heart-mind;Confucian
heart-mind;心正而后身修;xīn zhèng érhòu shēn xiū;heart-mind rectified, then self cultivated;Confucian
heart-mind;心不在焉;xīn bù zài yān;heart-mind not present;Confucian
heart-mind;心斋;xīnzhāi;fasting of the heart-mind;Confucian
heart-mind;心之官则思;xīn zhī guān zé sī;function of heart-mind is thinking;Confucian
heart-mind;恻隐之心;cèyǐn zhī xīn;heart-mind of compassion;Confucian
heart-mind;人心惟危;rénxīn wéi wēi;human heart-mind is precarious;Confucian
heart-mind;道心惟微;dàoxīn wéi wēi;heart-mind of the Way is subtle;Confucian
human nature;人性;rénxìng;human nature;Confucian
human nature;天性;tiānxìng;heavenly nature;Confucian
human nature;性善;xìng shàn;nature is good;Confucian
human nature;性恶;xìng è;nature is evil;Confucian
human nature;性相近，习相远;xìng xiāng jìn, xí xiāng yuǎn;natures are similar, habits become distant;Confucian
human nature;率性;shuàixìng;follow nature;Confucian
human nature;尽性;jìnxìng;fulfill nature;Confucian
human nature;性即理;xìng jí lǐ;nature is principle;Confucian
human nature;性分;xìngfèn;natural capacity;Confucian
human nature;气质之性;qìzhì zhī xìng;temperamental nature;Confucian
human nature;天命之谓性;tiānmìng zhī wèi xìng;what Heaven mandates is called nature;Confucian
human nature;性其情;xìng qí qíng;nature guides emotions;Confucian
human nature;变化气质;biànhuà qìzhì;transform temperament;Confucian
emotion;情感;qínggǎn;emotion, feeling;Confucian
emotion;性情;xìngqíng;nature and emotion;Confucian
emotion;人情;rénqíng;human feelings, social relations;Confucian
emotion;七情;qīqíng;seven emotions;Confucian
emotion;情欲;qíngyù;emotional desires;Confucian
emotion;情实;qíngshí;emotional reality;Confucian
emotion;情理;qínglǐ;emotion and reason;Confucian
emotion;情之所钟;qíng zhī suǒ zhōng;where emotions are focused;Confucian
emotion;情有可原;qíng yǒu kě yuán;emotionally understandable, excusable;Confucian
emotion;情伪;qíngwěi;genuine and false emotions;Confucian
emotion;情见乎辞;qíng xiàn hū cí;emotion appears in words;Confucian
emotion;情不可却;qíng bùkě què;emotion cannot be refused;Confucian
rule by virtue;德治;dézhì;rule by virtue;Confucian
rule by virtue;德政;dézhèng;virtuous governance;Confucian
rule by virtue;为政以德;wéi zhèng yǐ dé;governing with virtue;Confucian
rule by virtue;道之以德;dào zhī yǐ dé;guide them with virtue;Confucian
rule by virtue;以德治国;yǐ dé zhì guó;govern state with virtue;Confucian
rule by virtue;德主刑辅;dé zhǔ xíng fǔ;virtue primary, punishment supplementary;Confucian
rule by virtue;德泽下民;dé zé xià mín;virtue benefits the common people;Confucian
rule by virtue;德化天下;dé huà tiānxià;transform the world with virtue;Confucian
rule by virtue;德被苍生;dé bèi cāngshēng;virtue covers all living beings;Confucian
rule by virtue;德威并施;dé wēi bìng shī;apply both virtue and authority;Confucian
self-cultivation;修身;xiūshēn;cultivate the self;Confucian
self-cultivation;修养;xiūyǎng;self-cultivation, accomplishment;Confucian
self-cultivation;修己;xiūjǐ;cultivate oneself;Confucian
self-cultivation;修身养性;xiūshēn yǎngxìng;cultivate self and nourish nature;Confucian
self-cultivation;修心养性;xiūxīn yǎngxìng;cultivate heart and nourish nature;Confucian
self-cultivation;内修;nèixiū;inner cultivation;Confucian
self-cultivation;修德;xiūdé;cultivate virtue;Confucian
self-cultivation;修身为本;xiūshēn wéi běn;self-cultivation is fundamental;Confucian
self-cultivation;修身齐家治国平天下;xiūshēn qíjiā zhìguó píng tiānxià;cultivate self, regulate family, govern state, bring peace to world;Confucian
self-cultivation;修己以敬;xiū jǐ yǐ jìng;cultivate self with reverence;Confucian
learning;学习;xuéxí;study, learning;Confucian
learning;学问;xuéwèn;learning and inquiry;Confucian
learning;学术;xuéshù;scholarship, academic;Confucian
learning;学者;xuézhě;scholar;Confucian
learning;好学;hàoxué;love of learning;Confucian
learning;博学;bóxué;extensive learning;Confucian
learning;学而不厌;xué ér bù yàn;study without satiety;Confucian
learning;学而时习之;xué ér shí xí zhī;to learn and often practice it;Confucian
learning;学以致用;xué yǐ zhì yòng;study for application;Confucian
learning;学无止境;xué wú zhǐjìng;learning has no limits;Confucian
learning;学然后知不足;xué ránhòu zhī bùzú;after learning, know one's inadequacy;Confucian
harmony;和谐;héxié;harmonious;Confucian
harmony;和睦;hémù;harmonious, amicable;Confucian
harmony;和为贵;hé wéi guì;harmony is precious;Confucian
harmony;中和;zhōnghé;central harmony;Confucian
harmony;和气;héqì;harmonious energy;Confucian
harmony;和而不同;hé ér bù tóng;harmonious but not uniform;Confucian
harmony;和谐共处;héxié gòngchǔ;harmonious coexistence;Confucian
harmony;家和万事兴;jiā hé wànshì xīng;family harmony leads to prosperity;Confucian
harmony;政通人和;zhèng tōng rén hé;government functions and people are harmonious;Confucian
harmony;天时地利人和;tiānshí dìlì rénhé;favorable timing, geographical advantage, human harmony;Confucian
the mean;中庸;zhōngyōng;the Mean, equilibrium;Confucian
the mean;中庸之道;zhōngyōng zhī dào;the Way of the Mean;Confucian
the mean;执中;zhízhōng;hold the mean;Confucian
the mean;中道;zhōngdào;middle way;Confucian
the mean;中和;zhōnghé;central harmony;Confucian
the mean;不偏不倚;bù piān bù yǐ;neither partial nor biased;Confucian
the mean;过犹不及;guò yóu bù jí;going too far is as bad as not enough;Confucian
the mean;中正;zhōngzhèng;central and correct;Confucian
the mean;允执厥中;yǔn zhí jué zhōng;sincerely hold to the mean;Confucian
the mean;从容中道;cóngróng zhōngdào;composed and following the mean;Confucian
the mean;时中;shízhōng;timely mean;Confucian
sincerity;诚信;chéngxìn;sincerity and trustworthiness;Confucian
sincerity;诚实;chéngshí;honest, sincere;Confucian
sincerity;诚意;chéngyì;sincere intention;Confucian
sincerity;至诚;zhìchéng;utmost sincerity;Confucian
sincerity;诚心;chéngxīn;sincere heart;Confucian
sincerity;诚者天之道;chéng zhě tiān zhī dào;sincerity is the way of Heaven;Confucian
sincerity;诚之者人之道;chéng zhī zhě rén zhī dào;achieving sincerity is the way of humans;Confucian
sincerity;不诚无物;bù chéng wú wù;without sincerity, nothing exists;Confucian
sincerity;唯天下至诚;wéi tiānxià zhì chéng;only the utmost sincerity in the world;Confucian
sincerity;诚于中形于外;chéng yú zhōng xíng yú wài;sincerity within manifests without;Confucian
sincerity;修辞立其诚;xiūcí lì qí chéng;cultivate words to establish sincerity;Confucian
civility;文化;wénhuà;culture, civilization;Confucian
civility;文明;wénmíng;civilization, civilized;Confucian
civility;文德;wéndé;cultural virtue;Confucian
civility;文质彬彬;wén zhì bīnbīn;cultured and refined;Confucian
civility;文以载道;wén yǐ zài dào;writing conveys the Way;Confucian
civility;斯文;sīwén;this culture, refined;Confucian
civility;文教;wénjiào;cultural education;Confucian
civility;文献;wénxiàn;documents, literature;Confucian
civility;人文;rénwén;human culture, humanities;Confucian
civility;文过饰非;wén guò shì fēi;cover faults and conceal wrongs;Confucian
civility;文治武功;wénzhì wǔgōng;civil administration and military achievements;Confucian
enlightenment;菩提;pútí;bodhi, enlightenment, awakening;Buddhist
enlightenment;正等正觉;zhèng děng zhèng jué;perfect complete enlightenment;Buddhist
enlightenment;无上正等正觉;wú shàng zhèng děng zhèng jué;unsurpassed perfect enlightenment;Buddhist
enlightenment;证菩提;zhèng pútí;attain enlightenment;Buddhist
enlightenment;发菩提心;fā pútí xīn;generate bodhicitta, enlightenment mind;Buddhist
enlightenment;菩提心;pútí xīn;bodhicitta, enlightenment mind;Buddhist
enlightenment;菩提道;pútí dào;path to enlightenment;Buddhist
enlightenment;菩提果;pútí guǒ;fruit of enlightenment;Buddhist
enlightenment;菩提树下;pútí shù xià;under the bodhi tree;Buddhist
enlightenment;大彻大悟;dà chè dà wù;great awakening and realization;Buddhist
enlightenment;明心见性;míng xīn jiàn xìng;illuminate mind and see nature;Buddhist
enlightenment;见性成佛;jiàn xìng chéng fó;see nature and become Buddha;Buddhist
enlightenment;顿悟;dùnwù;sudden enlightenment;Buddhist
nirvana;涅槃;nièpán;nirvana, liberation, extinguishing;Buddhist
nirvana;涅槃寂静;nièpán jìjìng;nirvana is peace and quietude;Buddhist
nirvana;入涅槃;rù nièpán;enter nirvana;Buddhist
nirvana;证涅槃;zhèng nièpán;attain nirvana;Buddhist
nirvana;般涅槃;pán nièpán;parinirvana, complete nirvana;Buddhist
nirvana;无余涅槃;wú yú nièpán;nirvana without remainder;Buddhist
nirvana;有余涅槃;yǒu yú nièpán;nirvana with remainder;Buddhist
nirvana;大般涅槃;dà pán nièpán;great complete nirvana;Buddhist
nirvana;涅槃经;nièpán jīng;Nirvana Sutra;Buddhist
nirvana;常乐我净;cháng lè wǒ jìng;permanent, blissful, self, pure (nirvana qualities);Buddhist
nirvana;不生不灭;bù shēng bù miè;neither born nor extinguished;Buddhist
buddha;佛陀;fótuó;Buddha, the Enlightened One;Buddhist
buddha;佛祖;fózǔ;Buddha the patriarch;Buddhist
buddha;佛法;fófǎ;Buddha-Dharma, Buddhist teachings;Buddhist
buddha;佛教;fójiào;Buddhism;Buddhist
buddha;佛性;fóxìng;Buddha-nature;Buddhist
buddha;佛心;fóxīn;Buddha-mind;Buddhist
buddha;佛土;fótǔ;Buddha-land, pure land;Buddhist
buddha;佛像;fóxiàng;Buddha statue;Buddhist
buddha;念佛;niànfó;recite Buddha's name;Buddhist
buddha;拜佛;bàifó;worship Buddha;Buddhist
buddha;成佛;chéngfó;become Buddha;Buddhist
buddha;三世佛;sānshì fó;Buddhas of Three Times;Buddhist
buddha;十方佛;shífāng fó;Buddhas of Ten Directions;Buddhist
dharma;佛法;fófǎ;Buddha-Dharma;Buddhist
dharma;正法;zhèngfǎ;true dharma;Buddhist
dharma;法门;fǎmén;dharma gate, teaching method;Buddhist
dharma;法轮;fǎlún;dharma wheel;Buddhist
dharma;法宝;fǎbǎo;dharma treasure;Buddhist
dharma;法会;fǎhuì;dharma assembly;Buddhist
dharma;法雨;fǎyǔ;dharma rain;Buddhist
dharma;法界;fǎjiè;dharma realm;Buddhist
dharma;法身;fǎshēn;dharma body;Buddhist
dharma;弘法;hóngfǎ;propagate dharma;Buddhist
dharma;护法;hùfǎ;protect dharma;Buddhist
dharma;非法;fēifǎ;non-dharma, wrong dharma;Buddhist
sangha;僧伽;sēngqié;sangha, monastic community;Buddhist
sangha;僧团;sēngtuán;monastic community;Buddhist
sangha;僧人;sēngrén;monastic person;Buddhist
sangha;僧众;sēngzhòng;assembly of monastics;Buddhist
sangha;僧宝;sēngbǎo;sangha jewel;Buddhist
sangha;僧侣;sēnglǚ;clergy, monastics;Buddhist
sangha;僧院;sēngyuàn;monastery;Buddhist
sangha;僧衣;sēngyī;monastic robe;Buddhist
sangha;僧舍;sēngshè;monastic dwelling;Buddhist
sangha;僧尼;sēngní;monks and nuns;Buddhist
sangha;僧俗;sēngsú;monastics and laity;Buddhist
sangha;高僧;gāosēng;eminent monk;Buddhist
suffering;苦海;kǔhǎi;sea of suffering;Buddhist
suffering;苦谛;kǔdì;truth of suffering;Buddhist
suffering;八苦;bākǔ;eight kinds of suffering;Buddhist
suffering;生老病死;shēng lǎo bìng sǐ;birth, aging, sickness, death;Buddhist
suffering;苦苦;kǔkǔ;suffering of suffering;Buddhist
suffering;坏苦;huàikǔ;suffering of change;Buddhist
suffering;行苦;xíngkǔ;suffering of conditioned existence;Buddhist
suffering;离苦得乐;lí kǔ dé lè;leave suffering, attain happiness;Buddhist
suffering;苦集灭道;kǔ jí miè dào;four noble truths;Buddhist
suffering;人生是苦;rénshēng shì kǔ;human life is suffering;Buddhist
emptiness;空性;kōngxìng;emptiness nature;Buddhist
emptiness;性空;xìngkōng;nature emptiness;Buddhist
emptiness;真空;zhēnkōng;true emptiness;Buddhist
emptiness;空相;kōngxiàng;emptiness appearance;Buddhist
emptiness;空寂;kōngjì;empty and quiet;Buddhist
emptiness;空无;kōngwú;empty nothingness;Buddhist
emptiness;空门;kōngmén;gate of emptiness;Buddhist
emptiness;色即是空;sè jí shì kōng;form is emptiness;Buddhist
emptiness;空即是色;kōng jí shì sè;emptiness is form;Buddhist
emptiness;诸法空相;zhū fǎ kōng xiàng;all dharmas are empty marks;Buddhist
emptiness;缘起性空;yuánqǐ xìngkōng;dependent origination, nature emptiness;Buddhist
compassion;慈悲;cíbēi;compassion, mercy;Buddhist
compassion;大慈大悲;dà cí dà bēi;great compassion and great mercy;Buddhist
compassion;慈悲心;cíbēi xīn;compassionate mind;Buddhist
compassion;慈悲为怀;cíbēi wéi huái;with compassion in heart;Buddhist
compassion;慈航;cíháng;compassion ferry (to salvation);Buddhist
compassion;慈心;cíxīn;compassionate heart;Buddhist
compassion;悲心;bēixīn;merciful heart;Buddhist
compassion;同体大悲;tóngtǐ dà bēi;great compassion of shared body;Buddhist
compassion;无缘大慈;wú yuán dà cí;great compassion without conditions;Buddhist
compassion;慈悲喜舍;cíbēi xǐ shě;compassion, joy, equanimity;Buddhist
compassion;救苦救难;jiù kǔ jiù nàn;save from suffering and difficulty;Buddhist
mindfulness;正念;zhèngniàn;right mindfulness;Buddhist
mindfulness;念佛;niànfó;mindfulness of Buddha;Buddhist
mindfulness;念经;niànjīng;recite sutra;Buddhist
mindfulness;念咒;niànzhòu;recite mantra;Buddhist
mindfulness;念头;niàntou;thought, idea;Buddhist
mindfulness;念念不忘;niànniàn bù wàng;constantly remember;Buddhist
mindfulness;念念相续;niànniàn xiāngxù;thoughts following each other;Buddhist
mindfulness;四念处;sì niàn chù;four foundations of mindfulness;Buddhist
mindfulness;观心;guānxīn;observe mind;Buddhist
mindfulness;觉照;juézhào;awakening illumination;Buddhist
origin of suffering;集谛;jídì;truth of the origin of suffering;Buddhist
origin of suffering;苦集;kǔjí;suffering and its origin;Buddhist
origin of suffering;集起;jíqǐ;arising, origination;Buddhist
origin of suffering;烦恼集;fánnǎo jí;collection of defilements;Buddhist
origin of suffering;贪嗔痴;tān chēn chī;greed, hatred, delusion;Buddhist
origin of suffering;三毒;sāndú;three poisons;Buddhist
origin of suffering;无明缘行;wúmíng yuán xíng;ignorance conditions formations;Buddhist
origin of suffering;爱取有;ài qǔ yǒu;craving, grasping, becoming;Buddhist
origin of suffering;十二因缘;shí'èr yīnyuán;twelve links of dependent origination;Buddhist
origin of suffering;因缘和合;yīnyuán héhé;coming together of causes and conditions;Buddhist
cessation of suffering;灭谛;mièdì;truth of cessation;Buddhist
cessation of suffering;苦灭;kǔ miè;cessation of suffering;Buddhist
cessation of suffering;灭尽;mièjìn;complete cessation;Buddhist
cessation of suffering;寂灭;jìmiè;extinction, tranquility;Buddhist
cessation of suffering;灭度;mièdù;extinction and crossing over;Buddhist
cessation of suffering;灭苦;mièkǔ;extinguish suffering;Buddhist
cessation of suffering;断烦恼;duàn fánnǎo;cut off defilements;Buddhist
cessation of suffering;离系;líxì;freedom from bondage;Buddhist
cessation of suffering;解脱;jiětuō;liberation, release;Buddhist
cessation of suffering;灭尽定;mièjìn dìng;cessation attainment;Buddhist
the path;道谛;dàodì;truth of the path;Buddhist
the path;八正道;bā zhèngdào;eightfold path;Buddhist
the path;正道;zhèngdào;right path;Buddhist
the path;菩提道;pútí dào;path to enlightenment;Buddhist
the path;菩萨道;púsà dào;bodhisattva path;Buddhist
the path;修道;xiūdào;cultivate the path;Buddhist
the path;行道;xíngdào;practice the path;Buddhist
the path;证道;zhèngdào;realize the path;Buddhist
the path;道品;dàopǐn;factors of the path;Buddhist
the path;道场;dàochǎng;place of enlightenment, bodhimanda;Buddhist
the path;道心;dàoxīn;mind set on the path;Buddhist
ignorance;无明;wúmíng;ignorance, delusion;Buddhist
ignorance;根本无明;gēnběn wúmíng;fundamental ignorance;Buddhist
ignorance;无明惑;wúmíng huò;ignorance defilement;Buddhist
ignorance;无明障;wúmíng zhàng;ignorance obstruction;Buddhist
ignorance;无明缘行;wúmíng yuán xíng;ignorance conditions formations;Buddhist
ignorance;破无明;pò wúmíng;break ignorance;Buddhist
ignorance;无明尽;wúmíng jìn;exhaustion of ignorance;Buddhist
ignorance;愚痴;yúchī;foolishness, ignorance;Buddhist
ignorance;迷惑;míhuò;deluded, confused;Buddhist
craving;渴爱;kě'ài;thirst, craving;Buddhist
craving;贪爱;tān'ài;greedy craving;Buddhist
craving;爱欲;àiyù;craving and desire;Buddhist
craving;爱染;àirǎn;craving and attachment;Buddhist
craving;爱著;àizhuó;craving and clinging;Buddhist
craving;爱取;àiqǔ;craving and grasping;Buddhist
craving;爱结;àijié;bond of craving;Buddhist
craving;爱缘取;ài yuán qǔ;craving conditions grasping;Buddhist
craving;断爱;duàn ài;cut off craving;Buddhist
craving;离爱;lí ài;free from craving;Buddhist
dependent origination;缘起;yuánqǐ;dependent origination, interdependent arising;Buddhist
dependent origination;缘起法;yuánqǐ fǎ;law of dependent origination;Buddhist
dependent origination;因缘;yīnyuán;cause and condition;Buddhist
dependent origination;缘生;yuánshēng;dependently arisen;Buddhist
dependent origination;缘起性空;yuánqǐ xìngkōng;dependent origination, nature emptiness;Buddhist
dependent origination;诸法缘起;zhū fǎ yuánqǐ;all dharmas arise dependently;Buddhist
dependent origination;此生故彼生;cǐ shēng gù bǐ shēng;this arising, that arises;Buddhist
dependent origination;此灭故彼灭;cǐ miè gù bǐ miè;this ceasing, that ceases;Buddhist
dependent origination;缘起偈;yuánqǐ jì;verse on dependent origination;Buddhist
dependent origination;十二因缘;shí'èr yīnyuán;twelve links of dependent origination;Buddhist
dependent origination;三世因果;sānshì yīnguǒ;three periods cause and effect;Buddhist
dependent origination;业感缘起;yègǎn yuánqǐ;karmically conditioned arising;Buddhist
suchness;真如;zhēnrú;suchness, thusness, true reality;Buddhist
suchness;如如;rúrú;thusness, as-it-is-ness;Buddhist
suchness;真如法界;zhēnrú fǎjiè;suchness dharma realm;Buddhist
suchness;真如自性;zhēnrú zìxìng;suchness self-nature;Buddhist
suchness;真如实相;zhēnrú shíxiàng;suchness true reality;Buddhist
suchness;一真法界;yī zhēn fǎjiè;one true dharma realm;Buddhist
suchness;法性真如;fǎxìng zhēnrú;dharma-nature suchness;Buddhist
suchness;真如本际;zhēnrú běnjì;suchness original state;Buddhist
suchness;真如妙性;zhēnrú miàoxìng;suchness wondrous nature;Buddhist
suchness;真如体性;zhēnrú tǐxìng;suchness essential nature;Buddhist
suchness;真如无相;zhēnrú wú xiàng;suchness is without marks;Buddhist
suchness;证真如;zhèng zhēnrú;realize suchness;Buddhist
wisdom;般若;bōrě;prajna, wisdom, insight;Buddhist
wisdom;般若智慧;bōrě zhìhuì;prajna wisdom;Buddhist
wisdom;般若波罗蜜;bōrě bōluómì;prajnaparamita, perfection of wisdom;Buddhist
wisdom;金刚般若;jīngāng bōrě;diamond prajna;Buddhist
wisdom;实相般若;shíxiàng bōrě;reality prajna;Buddhist
wisdom;文字般若;wénzì bōrě;verbal prajna;Buddhist
wisdom;观照般若;guānzhào bōrě;contemplative prajna;Buddhist
wisdom;般若心经;bōrě xīnjīng;Heart Sutra of Prajna;Buddhist
wisdom;般若无知;bōrě wúzhī;prajna is non-knowing;Buddhist
wisdom;般若空性;bōrě kōngxìng;prajna emptiness;Buddhist
wisdom;般若德;bōrě dé;prajna virtue;Buddhist
loving-kindness;慈悲;cíbēi;compassion and loving-kindness;Buddhist
loving-kindness;慈心;cíxīn;mind of loving-kindness;Buddhist
loving-kindness;慈爱;cí'ài;loving-kindness and affection;Buddhist
loving-kindness;慈航;cíháng;ferry of loving-kindness;Buddhist
loving-kindness;慈光;cíguāng;light of loving-kindness;Buddhist
loving-kindness;慈云;cíyún;cloud of loving-kindness;Buddhist
loving-kindness;慈母;címǔ;loving mother (metaphor for Buddha);Buddhist
loving-kindness;慈悲观;cíbēi guān;contemplation of loving-kindness and compassion;Buddhist
loving-kindness;修慈;xiū cí;cultivate loving-kindness;Buddhist
loving-kindness;四无量心;sì wúliàng xīn;four immeasurable minds;Buddhist
loving-kindness;慈无量心;cí wúliàng xīn;immeasurable mind of loving-kindness;Buddhist
equanimity;捨心;shěxīn;mind of equanimity;Buddhist
equanimity;平等捨;píngděng shě;equal equanimity;Buddhist
equanimity;捨受;shě shòu;equanimous feeling;Buddhist
equanimity;行捨;xíng shě;equanimity in action;Buddhist
equanimity;捨念清净;shě niàn qīngjìng;equanimity and mindfulness purified;Buddhist
equanimity;捨无量心;shě wúliàng xīn;immeasurable mind of equanimity;Buddhist
equanimity;捨贪弃执;shě tān qì zhí;abandon greed and clinging;Buddhist
equanimity;捨离;shělí;relinquish, abandon;Buddhist
equanimity;捨妄归真;shě wàng guī zhēn;abandon false, return to true;Buddhist
equanimity;不苦不乐受;bù kǔ bù lè shòu;neither painful nor pleasant feeling;Buddhist
concentration;三昧;sānmèi;samadhi, concentration, meditative absorption;Buddhist
concentration;三昧耶;sānmèiyé;samaya, sacred bond;Buddhist
concentration;三昧定;sānmèi dìng;samadhi concentration;Buddhist
concentration;入三昧;rù sānmèi;enter samadhi;Buddhist
concentration;念佛三昧;niànfó sānmèi;Buddha-recitation samadhi;Buddhist
concentration;首楞严三昧;shǒuléngyán sānmèi;shurangama samadhi;Buddhist
concentration;三昧乐;sānmèi lè;bliss of samadhi;Buddhist
concentration;三昧力;sānmèi lì;power of samadhi;Buddhist
concentration;三昧境;sānmèi jìng;state of samadhi;Buddhist
concentration;禅定;chándìng;dhyana concentration;Buddhist
concentration;正定;zhèngdìng;right concentration;Buddhist
samsara;轮回;lúnhuí;samsara, cyclic existence, rebirth;Buddhist
samsara;六道轮回;liùdào lúnhuí;six realms of rebirth;Buddhist
samsara;生死轮回;shēngsǐ lúnhuí;birth-death cycle;Buddhist
samsara;轮回苦;lúnhuí kǔ;suffering of samsara;Buddhist
samsara;轮回转生;lúnhuí zhuǎnshēng;transmigration in samsara;Buddhist
samsara;出轮回;chū lúnhuí;escape from samsara;Buddhist
samsara;轮回不息;lúnhuí bùxī;samsara never ceases;Buddhist
samsara;轮回海;lúnhuí hǎi;ocean of samsara;Buddhist
samsara;轮回城;lúnhuí chéng;city of samsara;Buddhist
samsara;永离轮回;yǒng lí lúnhuí;forever leave samsara;Buddhist
samsara;轮回业;lúnhuí yè;karma of samsara;Buddhist
samsara;流转;liúzhuǎn;flowing and turning (in samsara);Buddhist
skilful means;方便;fāngbiàn;skillful means, expedient means;Buddhist
skilful means;方便法;fāngbiàn fǎ;skillful method;Buddhist
skilful means;方便门;fāngbiàn mén;gate of skillful means;Buddhist
skilful means;方便智;fāngbiàn zhì;skillful wisdom;Buddhist
skilful means;方便道;fāngbiàn dào;path of skillful means;Buddhist
skilful means;方便善巧;fāngbiàn shànqiǎo;skillful and clever means;Buddhist
skilful means;方便说;fāngbiàn shuō;expound through skillful means;Buddhist
skilful means;方便教化;fāngbiàn jiàohuà;teach through skillful means;Buddhist
skilful means;方便示现;fāngbiàn shìxiàn;manifest through skillful means;Buddhist
skilful means;方便波罗蜜;fāngbiàn bōluómì;perfection of skillful means;Buddhist
skilful means;权巧方便;quánqiǎo fāngbiàn;expedient skillful means;Buddhist
skilful means;开权显实;kāi quán xiǎn shí;open expedient, reveal real;Buddhist
karma;业力;yèlì;karmic force, power of karma;Buddhist
karma;业报;yèbào;karmic retribution;Buddhist
karma;果报;guǒbào;karmic result, fruition;Buddhist
karma;报应;bàoyìng;retribution, consequence;Buddhist
karma;因果;yīnguǒ;cause and effect, karma;Buddhist
karma;因果报应;yīnguǒ bàoyìng;karmic cause and effect;Buddhist
karma;因缘果报;yīnyuán guǒbào;causes, conditions, and karmic results;Buddhist
karma;造业;zàoyè;create karma (usually negative);Buddhist
karma;作业;zuòyè;perform actions, create karma;Buddhist
karma;作恶业;zuò èyè;commit evil karma;Buddhist
karma;行善业;xíng shànyè;perform good karma;Buddhist
karma;善业;shànyè;good karma, wholesome actions;Buddhist
karma;恶业;èyè;evil karma, unwholesome actions;Buddhist
karma;黑业;hēiyè;black karma (evil deeds);Buddhist
karma;白业;báiyè;white karma (good deeds);Buddhist
karma;业障;yèzhàng;karmic obstruction;Buddhist
karma;业障深重;yèzhàng shēnzhòng;deeply burdened by karmic obstructions;Buddhist
karma;消业障;xiāo yèzhàng;eliminate karmic obstructions;Buddhist
karma;业果;yèguǒ;karmic fruit;Buddhist
karma;业相;yèxiàng;karmic manifestation;Buddhist
karma;业缘;yèyuán;karmic connection;Buddhist
karma;业海;yèhǎi;ocean of karma;Buddhist
karma;业火;yèhuǒ;karmic fire (hell fires);Buddhist
karma;业风;yèfēng;karmic wind (propelling rebirth);Buddhist
karma;业种;yèzhǒng;karmic seeds;Buddhist
karma;业识;yèshí;karmic consciousness;Buddhist
karma;业因;yèyīn;karmic cause;Buddhist
karma;业道;yèdào;path of karma;Buddhist
karma;定业;dìngyè;fixed karma (inevitable);Buddhist
karma;不定业;bùdìng yè;indeterminate karma;Buddhist
karma;共业;gòngyè;collective karma;Buddhist
karma;别业;biéyè;individual karma;Buddhist
karma;宿业;sùyè;past karma, karma from previous lives;Buddhist
karma;现业;xiànyè;present karma, current actions;Buddhist
karma;引业;yǐnyè;directing karma (determines rebirth realm);Buddhist
karma;满业;mǎnyè;filling karma (determines conditions within realm);Buddhist
karma;业尽情空;yè jìn qíng kōng;karma exhausted, emotions empty;Buddhist
karma;业系苦相;yè xì kǔ xiàng;karmic bondage and suffering appearance;Buddhist
karma;业尽情亡;yè jìn qíng wáng;karma exhausted, emotions vanished;Buddhist
karma;转业;zhuǎn yè;transform karma;Buddhist
karma;随业流转;suí yè liúzhuǎn;flow according to karma;Buddhist
karma;业力不可思议;yèlì bùkě sīyì;karmic power is inconceivable;Buddhist
buddha-nature;佛性;fóxìng;Buddha-nature, Buddha-potential;Buddhist
buddha-nature;如来藏;rúlái zàng;tathagatagarbha, womb of Buddha;Buddhist
buddha-nature;自性佛性;zìxìng fóxìng;self-nature Buddha-nature;Buddhist
buddha-nature;本觉佛性;běnjué fóxìng;original enlightenment Buddha-nature;Buddhist
buddha-nature;一切众生皆有佛性;yīqiè zhòngshēng jiē yǒu fóxìng;all beings have Buddha-nature;Buddhist
buddha-nature;佛性常住;fóxìng chángzhù;Buddha-nature constantly abides;Buddhist
buddha-nature;佛性平等;fóxìng píngděng;Buddha-nature is equal;Buddhist
buddha-nature;见性成佛;jiàn xìng chéng fó;see nature, become Buddha;Buddhist
buddha-nature;佛性不二;fóxìng bù èr;Buddha-nature is non-dual;Buddhist
buddha-nature;真如佛性;zhēnrú fóxìng;suchness Buddha-nature;Buddhist
buddha-nature;开发佛性;kāifā fóxìng;develop Buddha-nature;Buddhist
buddha-nature;佛性妙用;fóxìng miàoyòng;wondrous function of Buddha-nature;Buddhist
bodhisattva;菩萨;púsà;bodhisattva, awakening being;Buddhist
bodhisattva;菩萨道;púsà dào;bodhisattva path;Buddhist
bodhisattva;菩萨心;púsà xīn;bodhisattva mind;Buddhist
bodhisattva;菩萨行;púsà xíng;bodhisattva conduct;Buddhist
bodhisattva;菩萨戒;púsà jiè;bodhisattva precepts;Buddhist
bodhisattva;大菩萨;dà púsà;great bodhisattva;Buddhist
bodhisattva;菩萨摩诃萨;púsà móhēsà;bodhisattva mahasattva;Buddhist
bodhisattva;发菩萨心;fā púsà xīn;generate bodhisattva mind;Buddhist
bodhisattva;行菩萨道;xíng púsà dào;practice bodhisattva path;Buddhist
bodhisattva;菩萨十地;púsà shí dì;ten bodhisattva grounds;Buddhist
bodhisattva;菩萨六度;púsà liù dù;six paramitas of bodhisattva;Buddhist
bodhisattva;菩萨四弘誓愿;púsà sì hóng shìyuàn;four great vows of bodhisattva;Buddhist
middle way;中道;zhōngdào;middle way, avoiding extremes;Buddhist
middle way;中观;zhōngguān;madhyamaka, middle view;Buddhist
middle way;中道义;zhōngdào yì;meaning of middle way;Buddhist
middle way;离二边;lí èr biān;leave two extremes;Buddhist
middle way;不落两边;bù luò liǎng biān;not fall into two sides;Buddhist
middle way;不即不离;bù jí bù lí;neither identical nor separate;Buddhist
middle way;非空非有;fēi kōng fēi yǒu;neither empty nor existent;Buddhist
middle way;中道第一义;zhōngdào dì yī yì;first meaning of middle way;Buddhist
middle way;八不中道;bā bù zhōngdào;eight negations middle way;Buddhist
middle way;中道实相;zhōngdào shíxiàng;middle way true reality;Buddhist
middle way;离有无二边;lí yǒu wú èr biān;leave existence and non-existence extremes;Buddhist
dao;大道;dàdào;Great Way;Daoist
dao;天道;tiāndào;Way of Heaven;Daoist
dao;人道;réndào;Way of Humanity;Daoist
dao;圣道;shèngdào;Way of the Sage;Daoist
dao;道法自然;dào fǎ zìrán;Way follows what is natural;Daoist
dao;得道;dédào;attain the Way;Daoist
dao;悟道;wùdào;awaken to the Way;Daoist
dao;修道;xiūdào;cultivate the Way;Daoist
dao;传道;chuándào;transmit the Way;Daoist
virtue;上德;shàngdé;superior virtue;Daoist
virtue;玄德;xuándé;mysterious virtue;Daoist
virtue;孔德;kǒngdé;great virtue;Daoist
virtue;常德;chángdé;constant virtue;Daoist
virtue;德畜之;dé xù zhī;virtue nurtures them;Daoist
virtue;失道而后德;shī dào érhòu dé;lose Way, then virtue;Daoist
virtue;德交归焉;dé jiāo guī yān;virtue returns and converges;Daoist
virtue;含德之厚;hán dé zhī hòu;embracing thick virtue;Daoist
virtue;德者同于德;dé zhě tóng yú dé;virtuous person identifies with virtue;Daoist
virtue;广德若不足;guǎng dé ruò bùzú;vast virtue seems insufficient;Daoist
non-action;无为;wúwéi;non-action, effortless action;Daoist
non-action;无为而治;wúwéi ér zhì;govern through non-action;Daoist
non-action;道常无为;dào cháng wúwéi;Way constantly non-acting;Daoist
non-action;为无为;wéi wúwéi;act without acting;Daoist
non-action;无为而无不为;wúwéi ér wú bù wéi;non-action, nothing not done;Daoist
non-action;我无为而民自化;wǒ wúwéi ér mín zì huà;I non-act and people self-transform;Daoist
non-action;清静无为;qīngjìng wúwéi;clarity, stillness, non-action;Daoist
non-action;无为自化;wúwéi zì huà;non-action self-transformation;Daoist
non-action;无为之益;wúwéi zhī yì;benefit of non-action;Daoist
non-action;无为之事;wúwéi zhī shì;affairs of non-action;Daoist
non-action;无为之教;wúwéi zhī jiào;teaching of non-action;Daoist
naturalness;自然;zìrán;naturalness, spontaneity;Daoist
naturalness;道法自然;dào fǎ zìrán;Way follows naturalness;Daoist
naturalness;自然而然;zìrán'érrán;naturally so;Daoist
naturalness;自然无为;zìrán wúwéi;natural non-action;Daoist
naturalness;顺其自然;shùn qí zìrán;follow its natural course;Daoist
naturalness;自然之道;zìrán zhī dào;way of naturalness;Daoist
naturalness;辅万物之自然;fǔ wànwù zhī zìrán;assist naturalness of all things;Daoist
naturalness;天理自然;tiānlǐ zìrán;natural principle of heaven;Daoist
naturalness;任自然;rèn zìrán;let naturalness be;Daoist
naturalness;自然之理;zìrán zhī lǐ;principle of naturalness;Daoist
uncarved block;见素抱朴;jiàn sù bào pǔ;see plainness, embrace simplicity;Daoist
uncarved block;复归于朴;fù guī yú pǔ;return to simplicity;Daoist
uncarved block;朴散则为器;pǔ sàn zé wéi qì;simplicity dispersed becomes implements;Daoist
uncarved block;敦兮其若朴;dūn xī qí ruò pǔ;sincere like uncarved block;Daoist
uncarved block;素朴;sùpǔ;plain simplicity;Daoist
uncarved block;抱朴守一;bào pǔ shǒu yī;embrace simplicity, guard the One;Daoist
uncarved block;返璞归真;fǎn pú guī zhēn;return to simplicity and authenticity;Daoist
emptiness;致虚极;zhì xū jí;reach extreme emptiness;Daoist
emptiness;虚其心;xū qí xīn;empty the mind;Daoist
emptiness;虚而不屈;xū ér bù qū;empty yet inexhaustible;Daoist
emptiness;虚室生白;xū shì shēng bái;empty room produces brightness;Daoist
emptiness;虚静;xūjìng;emptiness and stillness;Daoist
emptiness;虚怀若谷;xūhuái ruò gǔ;empty mind like valley;Daoist
emptiness;虚空;xūkōng;empty space, void;Daoist
emptiness;虚极静笃;xū jí jìng dǔ;emptiness extreme, stillness profound;Daoist
emptiness;虚而待物;xū ér dài wù;empty and awaiting things;Daoist
emptiness;虚己;xūjǐ;empty self;Daoist
the one;道生一;dào shēng yī;Way gives birth to One;Daoist
the one;抱一;bào yī;embrace the One;Daoist
the one;得一;dé yī;attain the One;Daoist
the one;天得一以清;tiān dé yī yǐ qīng;heaven attains One, becomes clear;Daoist
the one;地得一以宁;dì dé yī yǐ níng;earth attains One, becomes tranquil;Daoist
the one;神得一以灵;shén dé yī yǐ líng;spirits attain One, become numinous;Daoist
the one;万物得一以生;wànwù dé yī yǐ shēng;all things attain One, come to life;Daoist
the one;圣人抱一为天下式;shèngrén bào yī wéi tiānxià shì;sage embraces One as model for world;Daoist
the one;守一;shǒu yī;guard the One;Daoist
the one;混而为一;hùn ér wéi yī;blended into One;Daoist
yin yang;阴阳;yīnyáng;yin and yang;Daoist
yin yang;阴阳和合;yīnyáng héhé;harmonious union of yin and yang;Daoist
yin yang;阴阳相济;yīnyáng xiāng jì;mutual support of yin and yang;Daoist
yin yang;阴阳互根;yīnyáng hù gēn;yin and yang mutually rooted;Daoist
yin yang;阴阳平衡;yīnyáng pínghéng;balance of yin and yang;Daoist
yin yang;阴阳转化;yīnyáng zhuǎnhuà;transformation of yin and yang;Daoist
yin yang;负阴抱阳;fù yīn bào yáng;carry yin, embrace yang;Daoist
yin yang;一阴一阳之谓道;yī yīn yī yáng zhī wèi dào;alternation of yin and yang is called the Way;Daoist
yin yang;阴阳不测之谓神;yīnyáng bù cè zhī wèi shén;unfathomable yin-yang is called spirit;Daoist
yin yang;阴阳交感;yīnyáng jiāogǎn;interaction of yin and yang;Daoist
ten thousand things;万物;wànwù;ten thousand things, all phenomena;Daoist
ten thousand things;万物并作;wànwù bìng zuò;ten thousand things arise together;Daoist
ten thousand things;万物之母;wànwù zhī mǔ;mother of ten thousand things;Daoist
ten thousand things;万物得一以生;wànwù dé yī yǐ shēng;ten thousand things attain One and live;Daoist
ten thousand things;万物芸芸;wànwù yúnyún;teeming ten thousand things;Daoist
ten thousand things;万物负阴而抱阳;wànwù fù yīn ér bào yáng;ten thousand things carry yin, embrace yang;Daoist
ten thousand things;万物恃之以生;wànwù shì zhī yǐ shēng;ten thousand things rely on it to live;Daoist
ten thousand things;万物自化;wànwù zì huà;ten thousand things self-transform;Daoist
ten thousand things;万物归焉;wànwù guī yān;ten thousand things return to it;Daoist
ten thousand things;万物作焉而不辞;wànwù zuò yān ér bù cí;ten thousand things arise, it does not refuse;Daoist
returning;反者道之动;fǎn zhě dào zhī dòng;returning is movement of the Way;Daoist
returning;归根曰静;guī gēn yuē jìng;returning to root is called stillness;Daoist
returning;复命曰常;fù mìng yuē cháng;returning to destiny is called constancy;Daoist
returning;周行而不殆;zhōu xíng ér bù dài;circling without ceasing;Daoist
returning;物极必反;wù jí bì fǎn;things at extreme must return;Daoist
returning;返本还源;fǎn běn huán yuán;return to origin and source;Daoist
returning;循环往复;xúnhuán wǎngfù;cycle and return;Daoist
returning;天道好还;tiāndào hǎo huán;Way of Heaven favors return;Daoist
softness;柔弱胜刚强;róuruò shèng gāngqiáng;soft and weak overcome hard and strong;Daoist
softness;天下之至柔，驰骋天下之至坚;tiānxià zhī zhì róu, chíchěng tiānxià zhī zhì jiān;softest in world overcomes hardest in world;Daoist
softness;守柔曰强;shǒu róu yuē qiáng;guard softness called strong;Daoist
softness;骨弱筋柔而握固;gǔ ruò jīn róu ér wò gù;bones weak, sinews soft, yet grip firm;Daoist
softness;柔弱者生之徒;róuruò zhě shēng zhī tú;soft and weak are companions of life;Daoist
softness;以柔克刚;yǐ róu kè gāng;use softness to overcome hardness;Daoist
softness;柔弱处上;róuruò chù shàng;soft and weak occupy the high position;Daoist
softness;天下莫柔弱于水;tiānxià mò róuruò yú shuǐ;nothing in world softer than water;Daoist
softness;柔之胜刚;róu zhī shèng gāng;softness overcomes hardness;Daoist
water;上善若水;shàng shàn ruò shuǐ;highest goodness like water;Daoist
water;水善利万物而不争;shuǐ shàn lì wànwù ér bù zhēng;water benefits all without contention;Daoist
water;天下莫柔弱于水;tiānxià mò róuruò yú shuǐ;nothing in world softer than water;Daoist
water;攻坚强者莫之能胜;gōng jiānqiáng zhě mò zhī néng shèng;attacking hard and strong, nothing surpasses it;Daoist
water;水几于道;shuǐ jī yú dào;water almost like the Way;Daoist
water;江海所以能为百谷王者;jiāng hǎi suǒyǐ néng wéi bǎi gǔ wáng zhě;rivers and seas become kings of hundred valleys;Daoist
water;以其善下之;yǐ qí shàn xià zhī;because they excel at being low;Daoist
water;水之就下;shuǐ zhī jiù xià;water flows downward;Daoist
water;水至清则无鱼;shuǐ zhì qīng zé wú yú;water too clear has no fish;Daoist
qi;元气;yuánqì;primordial qi;Daoist
qi;精气;jīngqì;essential qi;Daoist
qi;灵气;língqì;numinous qi;Daoist
qi;养气;yǎngqì;nourish qi;Daoist
qi;炼气;liànqì;refine qi;Daoist
qi;行气;xíngqì;circulate qi;Daoist
qi;气功;qìgōng;qigong (energy work);Daoist
qi;气韵生动;qìyùn shēngdòng;qi resonance vivid;Daoist
qi;浩然之气;hàorán zhī qì;flood-like qi;Daoist
essence;精气;jīngqì;essential qi;Daoist
essence;精神;jīngshén;essence and spirit;Daoist
essence;精诚;jīngchéng;essential sincerity;Daoist
essence;养精;yǎngjīng;nourish essence;Daoist
essence;炼精化气;liàn jīng huà qì;refine essence into qi;Daoist
essence;保精;bǎojīng;preserve essence;Daoist
essence;精足不思淫;jīng zú bù sī yín;essence充足, no lustful thoughts;Daoist
essence;元精;yuánjīng;primordial essence;Daoist
essence;精微;jīngwēi;subtle essence;Daoist
spirit;精神;jīngshén;essence and spirit;Daoist
spirit;心神;xīnshén;heart-spirit;Daoist
spirit;元神;yuánshén;primordial spirit;Daoist
spirit;养神;yǎngshén;nourish spirit;Daoist
spirit;守神;shǒushén;guard spirit;Daoist
spirit;凝神;níngshén;concentrate spirit;Daoist
spirit;出神;chūshén;emerge spirit (ecstasy);Daoist
spirit;神妙;shénmiào;spiritually marvelous;Daoist
spirit;神明;shénmíng;spirit illumination;Daoist
long life;长生;chángshēng;long life, longevity;Daoist
long life;长生久视;chángshēng jiǔ shì;long life and lasting vision;Daoist
long life;长生不老;chángshēng bù lǎo;long life without aging;Daoist
long life;长生之道;chángshēng zhī dào;way of long life;Daoist
long life;长生之术;chángshēng zhī shù;art of long life;Daoist
long life;长生殿;chángshēng diàn;hall of long life;Daoist
long life;延年益寿;yánnián yìshòu;prolong years, increase longevity;Daoist
long life;寿同天地;shòu tóng tiāndì;longevity equal to heaven and earth;Daoist
long life;与天地同寿;yǔ tiāndì tóng shòu;share longevity with heaven and earth;Daoist
long life;长生保命;chángshēng bǎo mìng;long life protect life;Daoist
immortal;仙人;xiānrén;immortal, transcendent being;Daoist
immortal;神仙;shénxiān;divine immortal;Daoist
immortal;真人;zhēnrén;true person, authentic human;Daoist
immortal;仙人道士;xiānrén dàoshì;immortal Daoist master;Daoist
immortal;修仙;xiūxiān;cultivate immortality;Daoist
immortal;成仙;chéngxiān;become immortal;Daoist
immortal;仙道;xiāndào;way of immortality;Daoist
immortal;仙风道骨;xiānfēng dàogǔ;immortal demeanor, Daoist bones;Daoist
immortal;仙界;xiānjiè;immortal realm;Daoist
immortal;仙境;xiānjìng;immortal realm;Daoist
true person;真人;zhēnrén;true person, authentic human;Daoist
true person;至人;zhìrén;perfect person;Daoist
true person;神人;shénrén;spirit person;Daoist
true person;圣人;shèngrén;sage person;Daoist
true person;真人呼吸以踵;zhēnrén hūxī yǐ zhǒng;true person breathes through heels;Daoist
true person;古之真人;gǔ zhī zhēnrén;ancient true person;Daoist
true person;真人潜行;zhēnrén qiánxíng;true person moves hidden;Daoist
true person;真人之息以踵;zhēnrén zhī xī yǐ zhǒng;true person's breath reaches heels;Daoist
true person;真人无为;zhēnrén wúwéi;true person non-acting;Daoist
true person;真人不梦;zhēnrén bù mèng;true person does not dream;Daoist
heart-mind;心斋;xīnzhāi;fasting of heart-mind;Daoist
heart-mind;心死;xǐnsǐ;death of heart-mind;Daoist
heart-mind;心养;xīnyǎng;nourish heart-mind;Daoist
heart-mind;心无所知;xīn wú suǒ zhī;heart-mind without knowing;Daoist
heart-mind;心止于符;xīn zhǐ yú fú;heart-mind stops at correspondence;Daoist
heart-mind;心与物化;xīn yǔ wù huà;heart-mind transforms with things;Daoist
heart-mind;虚心;xūxīn;empty heart-mind;Daoist
heart-mind;常心;chángxīn;constant heart-mind;Daoist
heart-mind;机心;jīxīn;calculating heart-mind;Daoist
forgetting;坐忘;zuòwàng;sitting and forgetting;Daoist
forgetting;忘己;wàngjǐ;forget self;Daoist
forgetting;相忘于江湖;xiāng wàng yú jiānghú;forget each other in rivers and lakes;Daoist
forgetting;忘年;wàngnián;forget years (age);Daoist
forgetting;忘言;wàngyán;forget words;Daoist
forgetting;忘乎所以;wàng hū suǒyǐ;forget oneself;Daoist
forgetting;忘形;wàngxíng;forget form;Daoist
forgetting;忘情;wàngqíng;forget emotions;Daoist
forgetting;忘怀;wànghuái;forget cares;Daoist
mandate of heaven;天命;tiānmìng;Mandate of Heaven;Chinese Folk Religion
mandate of heaven;天命靡常;tiānmìng mǐ cháng;Mandate of Heaven is not constant;Chinese Folk Religion
mandate of heaven;天命有德;tiānmìng yǒu dé;Heaven mandates those with virtue;Chinese Folk Religion
mandate of heaven;知天命;zhī tiānmìng;know the Mandate of Heaven;Chinese Folk Religion
mandate of heaven;畏天命;wèi tiānmìng;stand in awe of Heaven's Mandate;Chinese Folk Religion
mandate of heaven;天命所归;tiānmìng suǒ guī;where Mandate of Heaven belongs;Chinese Folk Religion
mandate of heaven;天命不可违;tiānmìng bùkě wéi;Heaven's Mandate cannot be opposed;Chinese Folk Religion
mandate of heaven;奉天承运;fèng tiān chéng yùn;receive Mandate from Heaven;Chinese Folk Religion
mandate of heaven;天听自我民听;tiān tīng zì wǒ mín tīng;Heaven's hearing comes from people's hearing;Chinese Folk Religion
heaven;上天;shàngtiān;Upper Heaven;Chinese Folk Religion
heaven;皇天;huángtiān;August Heaven;Chinese Folk Religion
heaven;苍天;cāngtiān;Azure Heaven;Chinese Folk Religion
heaven;昊天;hàotiān;Vast Heaven;Chinese Folk Religion
heaven;天公;tiāngōng;Heavenly Grandfather;Chinese Folk Religion
heaven;老天爷;lǎotiānyé;Old Heaven Grandfather;Chinese Folk Religion
heaven;天意;tiānyì;Heaven's will;Chinese Folk Religion
heaven;天道;tiāndào;Way of Heaven;Chinese Folk Religion
heaven;天理;tiānlǐ;Heavenly principle;Chinese Folk Religion
earth;大地;dàdì;Great Earth;Chinese Folk Religion
earth;土地;tǔdì;earth, land;Chinese Folk Religion
earth;后土;hòutǔ;Sovereign Earth;Chinese Folk Religion
earth;大地之母;dàdì zhī mǔ;Mother Earth;Chinese Folk Religion
earth;地祇;dìqí;earth spirits;Chinese Folk Religion
earth;地脉;dìmài;earth veins;Chinese Folk Religion
earth;地气;dìqì;earth energy;Chinese Folk Religion
earth;地灵;dìlíng;earth numina;Chinese Folk Religion
earth;天地;tiāndì;Heaven and Earth;Chinese Folk Religion
ancestors;祖先;zǔxiān;ancestors, forebears;Chinese Folk Religion
ancestors;祖宗;zǔzōng;ancestors, forbears;Chinese Folk Religion
ancestors;先祖;xiānzǔ;former ancestors;Chinese Folk Religion
ancestors;祖上;zǔshàng;ancestral above;Chinese Folk Religion
ancestors;祖辈;zǔbèi;ancestral generation;Chinese Folk Religion
ancestors;祭祖;jìzǔ;sacrifice to ancestors;Chinese Folk Religion
ancestors;拜祖;bàizǔ;worship ancestors;Chinese Folk Religion
ancestors;祖先崇拜;zǔxiān chóngbài;ancestor worship;Chinese Folk Religion
ancestors;祖宗保佑;zǔzōng bǎoyòu;ancestors protect;Chinese Folk Religion
ancestors;慎终追远;shèn zhōng zhuī yuǎn;carefully attend to funeral rites, follow ancestors;Chinese Folk Religion
ancestral spirits;祖灵;zǔlíng;ancestral spirits;Chinese Folk Religion
ancestral spirits;祖魂;zǔhún;ancestral souls;Chinese Folk Religion
ancestral spirits;祖先神灵;zǔxiān shénlíng;ancestral deities;Chinese Folk Religion
ancestral spirits;祖宗之灵;zǔzōng zhī líng;spirits of ancestors;Chinese Folk Religion
ancestral spirits;祖灵庇佑;zǔlíng bìyòu;ancestral spirits bless;Chinese Folk Religion
ancestral spirits;祭祖灵;jì zǔlíng;sacrifice to ancestral spirits;Chinese Folk Religion
ancestral spirits;祖灵不安;zǔlíng bù ān;ancestral spirits unsettled;Chinese Folk Religion
ancestral spirits;告慰祖灵;gàowèi zǔlíng;comfort ancestral spirits;Chinese Folk Religion
ancestral spirits;祖灵显灵;zǔlíng xiǎnlíng;ancestral spirits manifest;Chinese Folk Religion
ghosts;鬼神;guǐshén;ghosts and deities;Chinese Folk Religion
ghosts;鬼魂;guǐhún;ghost souls;Chinese Folk Religion
ghosts;恶鬼;èguǐ;evil ghosts;Chinese Folk Religion
ghosts;孤魂野鬼;gūhún yěguǐ;orphaned and wild ghosts;Chinese Folk Religion
ghosts;厉鬼;lìguǐ;fierce ghosts;Chinese Folk Religion
ghosts;鬼怪;guǐguài;ghosts and monsters;Chinese Folk Religion
ghosts;鬼魅;guǐmèi;ghosts and specters;Chinese Folk Religion
ghosts;鬼门关;guǐmén guān;ghost gate pass;Chinese Folk Religion
ghosts;见鬼;jiànguǐ;see ghosts, damn it;Chinese Folk Religion
gods;神明;shénmíng;deities, gods;Chinese Folk Religion
gods;神灵;shénlíng;divine spirits;Chinese Folk Religion
gods;神祇;shénqí;deities, gods;Chinese Folk Religion
gods;神仙;shénxiān;divine immortals;Chinese Folk Religion
gods;神像;shénxiàng;deity statues;Chinese Folk Religion
gods;神庙;shénmiào;deity temples;Chinese Folk Religion
gods;神坛;shéntán;deity altars;Chinese Folk Religion
gods;神龛;shénkān;deity shrines;Chinese Folk Religion
gods;神位;shénwèi;deity positions;Chinese Folk Religion
earth god;土地公;tǔdì gōng;Earth God, Local Guardian;Chinese Folk Religion
earth god;土地神;tǔdì shén;Earth Deity;Chinese Folk Religion
earth god;土地爷;tǔdì yé;Earth Grandfather;Chinese Folk Religion
earth god;社神;shèshén;Community Deity;Chinese Folk Religion
earth god;福德正神;fúdé zhèngshén;Virtue and Fortune Proper Deity;Chinese Folk Religion
earth god;祭土地;jì tǔdì;sacrifice to Earth God;Chinese Folk Religion
earth god;土地庙;tǔdì miào;Earth God temple;Chinese Folk Religion
earth god;拜土地公;bài tǔdì gōng;worship Earth God;Chinese Folk Religion
earth god;土地公生日;tǔdì gōng shēngrì;Earth God's birthday;Chinese Folk Religion
earth god;土地公保佑;tǔdì gōng bǎoyòu;Earth God protect;Chinese Folk Religion
kitchen god;灶神;zàoshén;Kitchen God, Hearth Deity;Chinese Folk Religion
kitchen god;灶王爷;zàowáng yé;Kitchen God Lord;Chinese Folk Religion
kitchen god;灶君;zàojūn;Kitchen Lord;Chinese Folk Religion
kitchen god;东厨司命;dōng chú sīmìng;Eastern Kitchen Controller of Fate;Chinese Folk Religion
kitchen god;祭灶;jìzào;sacrifice to Kitchen God;Chinese Folk Religion
kitchen god;送灶神;sòng zàoshén;send off Kitchen God;Chinese Folk Religion
kitchen god;迎灶神;yíng zàoshén;welcome Kitchen God;Chinese Folk Religion
kitchen god;灶神上天;zàoshén shàng tiān;Kitchen God ascends to Heaven;Chinese Folk Religion
kitchen god;灶神下界;zàoshén xià jiè;Kitchen God descends to world;Chinese Folk Religion
kitchen god;灶神报告;zàoshén bàogào;Kitchen God's report;Chinese Folk Religion
city god;城隍;chénghuáng;City God, Municipal Deity;Chinese Folk Religion
city god;城隍爷;chénghuáng yé;City God Lord;Chinese Folk Religion
city god;城隍神;chénghuáng shén;City God Deity;Chinese Folk Religion
city god;城隍庙;chénghuáng miào;City God temple;Chinese Folk Religion
city god;都城隍;dū chénghuáng;Capital City God;Chinese Folk Religion
city god;府城隍;fǔ chénghuáng;Prefecture City God;Chinese Folk Religion
city god;县城隍;xiàn chénghuáng;County City God;Chinese Folk Religion
city god;城隍出巡;chénghuáng chūxún;City God patrols;Chinese Folk Religion
city god;城隍审案;chénghuáng shěn'àn;City God tries cases;Chinese Folk Religion
city god;城隍老爷;chénghuáng lǎoyé;City God Old Master;Chinese Folk Religion
door gods;门神;ménshén;Door Gods, Guardians;Chinese Folk Religion
door gods;秦琼尉迟恭;qín qióng yùchí gōng;Qin Qiong and Yuchi Gong (door gods);Chinese Folk Religion
door gods;神荼郁垒;shēn shū yù lǜ;Shenshu and Yulü (ancient door gods);Chinese Folk Religion
door gods;贴门神;tiē ménshén;paste door gods;Chinese Folk Religion
door gods;门神画像;ménshén huàxiàng;door god portraits;Chinese Folk Religion
door gods;门神镇宅;ménshén zhèn zhái;door gods protect home;Chinese Folk Religion
door gods;左门神;zuǒ ménshén;left door god;Chinese Folk Religion
door gods;右门神;yòu ménshén;right door god;Chinese Folk Religion
door gods;新年门神;xīnnián ménshén;New Year door gods;Chinese Folk Religion
door gods;门神驱邪;ménshén qūxié;door gods expel evil;Chinese Folk Religion
wealth god;财神;cáishén;God of Wealth;Chinese Folk Religion
wealth god;财神爷;cáishén yé;Wealth God Lord;Chinese Folk Religion
wealth god;文财神;wén cáishén;Civil Wealth God;Chinese Folk Religion
wealth god;武财神;wǔ cáishén;Military Wealth God;Chinese Folk Religion
wealth god;赵公明;zhào gōngmíng;Zhao Gongming (Wealth God);Chinese Folk Religion
wealth god;关公财神;guān gōng cáishén;Guan Gong as Wealth God;Chinese Folk Religion
wealth god;迎财神;yíng cáishén;welcome Wealth God;Chinese Folk Religion
wealth god;拜财神;bài cáishén;worship Wealth God;Chinese Folk Religion
wealth god;财神到;cáishén dào;Wealth God arrives;Chinese Folk Religion
wealth god;招财进宝;zhāocái jìnbǎo;attract wealth, bring treasure;Chinese Folk Religion
jade emperor;玉皇;yùhuáng;Jade Emperor, Supreme Deity;Chinese Folk Religion
jade emperor;玉皇大帝;yùhuáng dàdì;Jade Emperor Great Deity;Chinese Folk Religion
jade emperor;玉帝;yùdì;Jade Emperor;Chinese Folk Religion
jade emperor;天公;tiāngōng;Heavenly Grandfather (also Jade Emperor);Chinese Folk Religion
jade emperor;昊天金阙;hàotiān jīn quē;Vast Heaven Golden Palace;Chinese Folk Religion
jade emperor;玉皇诞;yùhuáng dàn;Jade Emperor's birthday;Chinese Folk Religion
jade emperor;祭玉皇;jì yùhuáng;sacrifice to Jade Emperor;Chinese Folk Religion
jade emperor;玉皇赦罪;yùhuáng shè zuì;Jade Emperor pardons sins;Chinese Folk Religion
jade emperor;玉皇统御;yùhuáng tǒngyù;Jade Emperor rules over;Chinese Folk Religion
jade emperor;天庭之主;tiāntíng zhī zhǔ;Lord of Heavenly Court;Chinese Folk Religion
dragon;神龙;shénlóng;divine dragon;Chinese Folk Religion
dragon;龙王;lóngwáng;Dragon King;Chinese Folk Religion
dragon;龙神;lóngshén;dragon deity;Chinese Folk Religion
dragon;青龙;qīnglóng;Azure Dragon;Chinese Folk Religion
dragon;金龙;jīnlóng;Golden Dragon;Chinese Folk Religion
dragon;龙脉;lóngmài;dragon veins (geomancy);Chinese Folk Religion
dragon;龙气;lóngqì;dragon energy;Chinese Folk Religion
dragon;龙王爷;lóngwáng yé;Dragon King Lord;Chinese Folk Religion
dragon;舞龙;wǔlóng;dragon dance;Chinese Folk Religion
phoenix;凤凰;fènghuáng;phoenix;Chinese Folk Religion
phoenix;凤凰来仪;fènghuáng lái yí;phoenix comes ceremoniously;Chinese Folk Religion
phoenix;凤皇;fènghuáng;phoenix (alternative writing);Chinese Folk Religion
phoenix;凤凰涅槃;fènghuáng nièpán;phoenix nirvana (rebirth);Chinese Folk Religion
phoenix;凤凰于飞;fènghuáng yú fēi;phoenix flying;Chinese Folk Religion
phoenix;凤求凰;fèng qiú huáng;male phoenix seeks female;Chinese Folk Religion
phoenix;凤凰祥瑞;fènghuáng xiángruì;phoenix auspicious sign;Chinese Folk Religion
phoenix;百鸟朝凤;bǎi niǎo cháo fèng;all birds worship phoenix;Chinese Folk Religion
phoenix;龙凤呈祥;lóng fèng chéng xiáng;dragon and phoenix bring auspiciousness;Chinese Folk Religion
phoenix;凤凰不落无宝之地;fènghuáng bù luò wú bǎo zhī dì;phoenix doesn't land where no treasure;Chinese Folk Religion
qi;天气;tiānqì;heaven qi, weather;Chinese Folk Religion
qi;地气;dìqì;earth qi;Chinese Folk Religion
qi;人气;rénqì;human qi, popularity;Chinese Folk Religion
qi;福气;fúqì;fortune qi, blessing;Chinese Folk Religion
qi;运气;yùnqì;luck qi, fortune;Chinese Folk Religion
qi;正气;zhèngqì;upright qi;Chinese Folk Religion
qi;邪气;xiéqì;evil qi;Chinese Folk Religion
qi;晦气;huìqì;unlucky qi;Chinese Folk Religion
qi;杀气;shāqì;killing qi;Chinese Folk Religion
yin yang;阴阳;yīnyáng;yin and yang;Chinese Folk Religion
yin yang;阴阳调和;yīnyáng tiáohé;harmonize yin and yang;Chinese Folk Religion
yin yang;阴阳五行;yīnyáng wǔxíng;yin yang five elements;Chinese Folk Religion
yin yang;阴阳风水;yīnyáng fēngshuǐ;yin yang feng shui;Chinese Folk Religion
yin yang;阴阳宅;yīnyáng zhái;yin yang dwellings;Chinese Folk Religion
yin yang;阴阳先生;yīnyáng xiānsheng;yin yang master;Chinese Folk Religion
yin yang;阴阳眼;yīnyáng yǎn;yin yang eyes (see spirits);Chinese Folk Religion
yin yang;阴阳界;yīnyáng jiè;yin yang realm;Chinese Folk Religion
yin yang;阴阳相隔;yīnyáng xiāng gé;separated by yin and yang (dead/alive);Chinese Folk Religion
yin yang;阴阳交泰;yīnyáng jiāo tài;yin yang interact peacefully;Chinese Folk Religion
five elements;五行;wǔxíng;five elements, five phases;Chinese Folk Religion
five elements;金木水火土;jīn mù shuǐ huǒ tǔ;metal, wood, water, fire, earth;Chinese Folk Religion
five elements;五行相生;wǔxíng xiāngshēng;five elements mutual generation;Chinese Folk Religion
five elements;五行相克;wǔxíng xiāngkè;five elements mutual overcoming;Chinese Folk Religion
five elements;五行属相;wǔxíng shǔxiàng;five elements zodiac signs;Chinese Folk Religion
five elements;五行八卦;wǔxíng bāguà;five elements eight trigrams;Chinese Folk Religion
five elements;五行方位;wǔxíng fāngwèi;five elements directions;Chinese Folk Religion
five elements;五行循环;wǔxíng xúnhuán;five elements cycle;Chinese Folk Religion
five elements;五行平衡;wǔxíng pínghéng;five elements balance;Chinese Folk Religion
five elements;五行缺木;wǔxíng quē mù;five elements lack wood;Chinese Folk Religion
fate;命运;mìngyùn;fate, destiny;Chinese Folk Religion
fate;命中注定;mìngzhōng zhùdìng;destined by fate;Chinese Folk Religion
fate;命运多舛;mìngyùn duō chuǎn;fate full of setbacks;Chinese Folk Religion
fate;命运安排;mìngyùn ānpái;fate arrangement;Chinese Folk Religion
fate;改变命运;gǎibiàn mìngyùn;change fate;Chinese Folk Religion
fate;命运之神;mìngyùn zhī shén;god of fate;Chinese Folk Religion
fate;命运转折点;mìngyùn zhuǎnzhédiǎn;turning point of fate;Chinese Folk Religion
fate;命运共同体;mìngyùn gòngtóngtǐ;community of shared fate;Chinese Folk Religion
fate;命运交响曲;mìngyùn jiāoxiǎngqǔ;symphony of fate;Chinese Folk Religion
fate;命运弄人;mìngyùn nòng rén;fate toys with people;Chinese Folk Religion
fortune;福气;fúqì;fortune, good luck, blessing;Chinese Folk Religion
fortune;福如东海;fú rú dōng hǎi;fortune like Eastern Sea;Chinese Folk Religion
fortune;福星高照;fúxīng gāozhào;fortune star shines brightly;Chinese Folk Religion
fortune;福寿双全;fú shòu shuāng quán;fortune and longevity complete;Chinese Folk Religion
fortune;福至心灵;fú zhì xīn líng;fortune arrives, heart becomes wise;Chinese Folk Religion
fortune;福报;fúbào;fortune retribution;Chinese Folk Religion
fortune;福地;fúdì;fortunate land;Chinese Folk Religion
fortune;福相;fúxiàng;fortunate appearance;Chinese Folk Religion
fortune;福荫;fúyìn;fortune protection;Chinese Folk Religion
fortune;福禄寿;fú lù shòu;fortune, prosperity, longevity;Chinese Folk Religion
taboo;禁忌;jìnjì;taboo, prohibition;Chinese Folk Religion
taboo;犯禁忌;fàn jìnjì;violate taboo;Chinese Folk Religion
taboo;禁忌语;jìnjì yǔ;taboo language;Chinese Folk Religion
taboo;禁忌行为;jìnjì xíngwéi;taboo behavior;Chinese Folk Religion
taboo;民间禁忌;mínjiān jìnjì;folk taboos;Chinese Folk Religion
taboo;禁忌日子;jìnjì rìzi;taboo days;Chinese Folk Religion
taboo;饮食禁忌;yǐnshí jìnjì;food taboos;Chinese Folk Religion
taboo;婚姻禁忌;hūnyīn jìnjì;marriage taboos;Chinese Folk Religion
taboo;丧葬禁忌;sāngzàng jìnjì;funeral taboos;Chinese Folk Religion
taboo;禁忌物品;jìnjì wùpǐn;taboo objects;Chinese Folk Religion
omen;兆头;zhàotou;omen, portent, sign;Chinese Folk Religion
omen;吉兆;jízhào;auspicious omen;Chinese Folk Religion
omen;凶兆;xiōngzhào;inauspicious omen;Chinese Folk Religion
omen;预兆;yùzhào;premonition, sign;Chinese Folk Religion
omen;好兆头;hǎo zhàotou;good omen;Chinese Folk Religion
omen;坏兆头;huài zhàotou;bad omen;Chinese Folk Religion
omen;兆头不好;zhàotou bù hǎo;omen not good;Chinese Folk Religion
omen;天兆;tiānzhào;heavenly omen;Chinese Folk Religion
omen;梦兆;mèngzhào;dream omen;Chinese Folk Religion
omen;自然兆头;zìrán zhàotou;natural omen;Chinese Folk Religion
ritual;仪式;yíshì;ritual, ceremony;Chinese Folk Religion
ritual;宗教仪式;zōngjiào yíshì;religious ritual;Chinese Folk Religion
ritual;传统仪式;chuántǒng yíshì;traditional ritual;Chinese Folk Religion
ritual;仪式感;yíshì gǎn;sense of ritual;Chinese Folk Religion
ritual;仪式程序;yíshì chéngxù;ritual procedure;Chinese Folk Religion
ritual;仪式用品;yíshì yòngpǐn;ritual implements;Chinese Folk Religion
ritual;仪式主持;yíshì zhǔchí;ritual officiant;Chinese Folk Religion
ritual;仪式音乐;yíshì yīnyuè;ritual music;Chinese Folk Religion
ritual;仪式舞蹈;yíshì wǔdǎo;ritual dance;Chinese Folk Religion
ritual;仪式经文;yíshì jīngwén;ritual scriptures;Chinese Folk Religion
sacrifice;祭祀;jìsì;sacrifice, offering, worship;Chinese Folk Religion
sacrifice;祭天;jìtiān;sacrifice to Heaven;Chinese Folk Religion
sacrifice;祭祖;jìzǔ;sacrifice to ancestors;Chinese Folk Religion
sacrifice;祭神;jìshén;sacrifice to deities;Chinese Folk Religion
sacrifice;祭祀仪式;jìsì yíshì;sacrificial ritual;Chinese Folk Religion
sacrifice;祭祀用品;jìsì yòngpǐn;sacrificial implements;Chinese Folk Religion
sacrifice;祭祀活动;jìsì huódòng;sacrificial activities;Chinese Folk Religion
sacrifice;祭祀文化;jìsì wénhuà;sacrificial culture;Chinese Folk Religion
sacrifice;祭祀祖先;jìsì zǔxiān;sacrifice to ancestors;Chinese Folk Religion
sacrifice;祭祀神灵;jìsì shénlíng;sacrifice to deities;Chinese Folk Religion
incense;香火;xiānghuǒ;incense and fire (continuity);Chinese Folk Religion
incense;烧香;shāoxiāng;burn incense;Chinese Folk Religion
incense;上香;shàngxiāng;offer incense;Chinese Folk Religion
incense;香炉;xiānglú;incense burner;Chinese Folk Religion
incense;香案;xiāng'àn;incense table;Chinese Folk Religion
incense;香烛;xiāngzhú;incense and candles;Chinese Folk Religion
incense;香灰;xiānghuī;incense ash;Chinese Folk Religion
incense;香味;xiāngwèi;incense fragrance;Chinese Folk Religion
incense;香道;xiāngdào;way of incense;Chinese Folk Religion
spirit money;纸钱;zhǐqián;spirit money, joss paper;Chinese Folk Religion
spirit money;冥币;míngbì;underworld currency;Chinese Folk Religion
spirit money;金纸;jīnzhǐ;gold paper (for deities);Chinese Folk Religion
spirit money;银纸;yínzhǐ;silver paper (for ancestors/ghosts);Chinese Folk Religion
spirit money;烧纸钱;shāo zhǐqián;burn spirit money;Chinese Folk Religion
spirit money;纸钱灰;zhǐqián huī;spirit money ash;Chinese Folk Religion
spirit money;纸扎品;zhǐzhā pǐn;paper offerings;Chinese Folk Religion
spirit money;纸房子;zhǐ fángzi;paper house;Chinese Folk Religion
spirit money;纸衣服;zhǐ yīfú;paper clothes;Chinese Folk Religion
spirit money;纸汽车;zhǐ qìchē;paper car;Chinese Folk Religion
temple;寺庙;sìmiào;Buddhist temple;Chinese Folk Religion
temple;道观;dàoguàn;Daoist temple;Chinese Folk Religion
temple;神庙;shénmiào;deity temple;Chinese Folk Religion
temple;宗庙;zōngmiào;ancestral temple;Chinese Folk Religion
temple;庙会;miàohuì;temple fair;Chinese Folk Religion
temple;庙宇;miàoyǔ;temple buildings;Chinese Folk Religion
temple;庙祝;miàozhù;temple caretaker;Chinese Folk Religion
temple;庙堂;miàotáng;temple hall;Chinese Folk Religion
temple;进庙;jìn miào;enter temple;Chinese Folk Religion
feng shui;风水;fēngshuǐ;feng shui (wind and water);Chinese Folk Religion
feng shui;看风水;kàn fēngshuǐ;read feng shui;Chinese Folk Religion
feng shui;风水师;fēngshuǐ shī;feng shui master;Chinese Folk Religion
feng shui;风水宝地;fēngshuǐ bǎodì;feng shui treasure land;Chinese Folk Religion
feng shui;风水布局;fēngshuǐ bùjú;feng shui arrangement;Chinese Folk Religion
feng shui;风水学;fēngshuǐ xué;feng shui study;Chinese Folk Religion
feng shui;风水罗盘;fēngshuǐ luópán;feng shui compass;Chinese Folk Religion
feng shui;风水不好;fēngshuǐ bù hǎo;bad feng shui;Chinese Folk Religion
feng shui;风水改运;fēngshuǐ gǎi yùn;feng shui change fortune;Chinese Folk Religion
feng shui;居家风水;jūjiā fēngshuǐ;home feng shui;Chinese Folk Religion
protection;辟邪;bìxié;ward off evil, protection;Chinese Folk Religion
protection;辟邪物;bìxié wù;protection object;Chinese Folk Religion
protection;辟邪剑;bìxié jiàn;evil-warding sword;Chinese Folk Religion
protection;辟邪符;bìxié fú;protection talisman;Chinese Folk Religion
protection;辟邪镜;bìxié jìng;protection mirror;Chinese Folk Religion
protection;辟邪兽;bìxié shòu;protection beast;Chinese Folk Religion
protection;驱邪辟邪;qūxié bìxié;expel evil, ward off evil;Chinese Folk Religion
protection;辟邪保平安;bìxié bǎo píng'ān;ward off evil, ensure peace;Chinese Folk Religion
protection;辟邪法事;bìxié fǎshì;protection ritual;Chinese Folk Religion
protection;居家辟邪;jūjiā bìxié;home protection;Chinese Folk Religion
divination;占卜;zhānbǔ;divination, fortune-telling;Chinese Folk Religion
divination;占卜术;zhānbǔ shù;divination art;Chinese Folk Religion
divination;占卜师;zhānbǔ shī;diviner;Chinese Folk Religion
divination;占卜问事;zhānbǔ wèn shì;divination ask about matters;Chinese Folk Religion
divination;占卜结果;zhānbǔ jiéguǒ;divination result;Chinese Folk Religion
divination;占卜工具;zhānbǔ gōngjù;divination tools;Chinese Folk Religion
divination;占卜卦象;zhānbǔ guàxiàng;divination hexagram images;Chinese Folk Religion
divination;占卜预测;zhānbǔ yùcè;divination prediction;Chinese Folk Religion
divination;占卜吉凶;zhānbǔ jíxiōng;divination auspicious/inauspicious;Chinese Folk Religion
divination;占卜文化;zhānbǔ wénhuà;divination culture;Chinese Folk Religion